"scenario","n_runs","auc_aa_mean","auc_aa_se","auc_cn_mean","auc_cn_se","auc_jc_mean","auc_jc_se","auc_pa_mean","auc_pa_se"
"Baseline",300,0.738264731909685,0.00542793478859798,0.737389645995995,0.0054187758990943,0.734878100585997,0.0054694426062593,0.498994490477087,0.00735482907194091
"BuddyProgram",297,0.74960656060561,0.00591081706799142,0.748530629783771,0.00593511312452665,0.743306097727254,0.00606868574730871,0.505323428912405,0.00773081132099185
"High SES Heterogeneity",298,0.750337245917295,0.00579494170432029,0.748720117308769,0.00581667131463491,0.7439411969731,0.00591676539543552,0.509761904560428,0.00717013077317088
"Suboptimal Composition",69,0.760944740214927,0.0150915225839036,0.757957057823129,0.0149517437337089,0.753690999950705,0.0153772915343726,0.481986673896612,0.0209570291397865
