"metric","n_baseline","n_openpop","mean_baseline","mean_openpop","diff","cohens_d","d_magnitude","t_stat","p_raw","p_adj_holm","sig_holm"
"modularity_q",292,289,0.706154109798202,0.702246005566122,-0.00390810423207988,-0.0649833480455815,"negligible",-0.783078690506218,0.433901408286975,1,FALSE
"global_clustering",300,300,0.438082862287406,0.424772813124968,-0.0133100491624371,-0.125326702649951,"negligible",-1.53493236318946,0.125329968133042,0.626649840665212,FALSE
"giant_fraction",300,300,0.307238384713691,0.310559826979761,0.00332144226606923,0.0584098325257465,"negligible",0.715371428247496,0.474658898262463,1,FALSE
"breed_assortativity",300,300,-0.0436318348326833,-0.0525454660330615,-0.00891363120037825,-0.059905490935964,"negligible",-0.733689427920172,0.463425670063634,1,FALSE
"mean_tie_cross",300,300,0.348172564549744,0.341099015677437,-0.00707354887230688,-0.161703978571147,"negligible",-1.98046118438627,0.0481105926378668,0.288663555827201,FALSE
"mean_tie_within",300,300,0.360056943325203,0.356158966765487,-0.00389797655971669,-0.0924897502616636,"negligible",-1.13276347289261,0.257772880378489,1,FALSE
