"outcome","kendall_tau","kendall_pvalue","lr_slope","lr_se","lr_pvalue","lr_r2","lr_quad_dose","lr_quad_dose2","lr_quad_r2","aic_linear","aic_quadratic","delta_aic","lrt_pvalue","direction"
"retention_rate",0.620751878057094,1.04316477424626e-229,4.31233333333325,0.0954007984368174,3.74767300815293e-282,0.576985033350339,4.21090476190472,0.0169047619047551,0.576997446616112,9221.36062295697,9223.31660519563,-1.95598223865818,0.834011731002708,"increasing"
"avg_motivation",0.327061929449385,2.694285225764e-67,0.0196715761327817,0.00103245013775896,1.20572746273774e-72,0.19506853919345,0.0428049836556491,-0.00385556792047801,0.205559461425196,-4357.09596449814,-4374.77444961527,17.6784851171305,9.38552336365446e-06,"increasing"
"avg_language_cefr",0.159557389442741,2.77977442154578e-17,0.0229140296364977,0.00253569436142301,4.85776240631818e-19,0.0516946408769399,0.0148808479659565,0.00133886361175691,0.0519417241205286,-1661.49769227192,-1659.88857180645,-1.60912046546491,0.532316481995425,"increasing"
"cross_group_tie_ratio",0.286283775400436,1.29847459049913e-51,0.0359746598778428,0.0020627610826157,3.70687064576011e-62,0.168773126929662,0.172555301831051,-0.0227634403255354,0.263378050205708,-2280.76397019848,-2460.00592122077,179.241951022291,3.20963008110218e-41,"increasing"
